material_id,primitive_cell_formula,release_formula,candidate_count,first_match_rank,top1_hit,top5_hit,top20_hit,reference_cif_sha256
mp-24658,Sm1H2,Sm1H2,10,1,True,True,True,e8e360fbf9183acc95b99f80dc10fc7afb82641f1ccce01886a4a835c8fd53b2
mp-788,Co2Te2,Co2Te2,15,1,True,True,True,bae3bcfbdfc6fd4b7b12f639b97b17f4002d28db4419fd50820ec1482166b485
mp-20389,Na2Cd1Pb1,Na2Cd1Pb1,5,1,True,True,True,075546d1815c2c7eb1c509dafa73885b05161fd7a3cda1bdfe01ca6f77a886a6
mp-29241,Ca3Sn1O1,Ca3Sn1O1,2,1,True,True,True,5238d7e0289bfef74f5e8695f72b00dd94ea1ed1a11de4f3f9d3739ce9adfb83
mp-3147,Er1Si2Au2,Er1Si2Au2,2,1,True,True,True,eb2a9178231fb2c7c4f79a7af8a98b341048dd92f0ffa8ac1ff536795b1c606e
mp-19183,Li2Ni1O2,Li2Ni1O2,20,1,True,True,True,747ea8018e6da0a7a224d5e5befefdc001f5fa3f1f98c79163d69e5c61a97c8e
mp-3676,Mg1Cu4Sn1,Mg1Cu4Sn1,9,1,True,True,True,a59d91ccc1fe37e6683941da5a7caf23942143451ed8e84930b0499204931675
mp-11396,Nd2Ga4Ni2,Nd2Ga4Ni2,9,1,True,True,True,51c0398f659aba19c39dc93376ea5ff8cc979a1748997daca33492869baa2c44
mp-12444,Sr2Cu2S2F2,Sr2Cu2S2F2,16,1,True,True,True,a5fc211055bb222e907f93a040a410f3cf61b3215956bcf41d25f8966da69eeb
mp-19118,Ba1Nd2Co1O5,Ba1Nd2Co1O5,15,1,True,True,True,adc0c69e1ea7b23a90846a4a27554835511d0db1f3583fc26dc1b1e3e67e8991
mp-30733,Ho3Sn3Pt3,Ho3Sn3Pt3,4,1,True,True,True,c01505b573ac21fb7f725e639352f94f9a789daa4d7878fd0ca9065900865ed3
mp-6231,Ba2Er1Sb1O6,Ba2Er1Sb1O6,6,1,True,True,True,c04333aaf3d867b09498a93bb23acd2e20e3b5838bb1ace1f7f087ca5a7a1a68
mp-19093,Ba2U1Ni1O6,Ba2U1Ni1O6,5,1,True,True,True,071f4eaae77177242bb858f243f10ec81cc569b6c30a6add91267e6586737458
mp-19274,Ba1Pr1Mn2O6,Ba1Pr1Mn2O6,14,2,False,True,True,c74ffeca3050088fa6828b97d75cc56766430d5cfbf269fa5a49e543f5342d5d
mp-6389,Na2La4Ru2O12,Na2La4Ru2O12,5,1,True,True,True,a739916b831e42426cc7e0b03dcae9256aafc5b60391c8d441b44227a093f523
mp-696701,H4Pb4Cl4O4,H4Pb4Cl4O4,20,1,True,True,True,9222c6682631f334cd5119db7e809b96eae5e3d943838d5ddfd9a04ce9d38956
mp-16307,Sr2Mg1Ir1O6,Sr2Mg1Ir1O6,4,1,True,True,True,eddfdceda3efb79262f8f39767247c501ad3d7465e05d1ffd73b86f3bb5876fd
mp-19227,Y2Mn2O6,Y2Mn2O6,20,4,False,True,True,8c2fd0f1dbe646ea6b14041299ccfee7557fc014f12c9ca1c8f35d34879c0df8
mp-6628,Cs1Cd1N3O6,Cs1Cd1N3O6,20,1,True,True,True,d64aa9cb16588bab827d1dc7b4dd8aa5be8d66b9c8fc88de43887fa6531cce73
mp-11449,Hf4Mn8,Hf4Mn8,9,1,True,True,True,4c8061df04e31c48922c0aa1c2de52e4b8940497502e688c059f52b2f39d5dc2
mp-1105001,Tm6Pt8,Tm6Pt8,9,1,True,True,True,3b41afecbddcdfb3f80599ef82361a437057369d8200474957205417084835a8
mp-1105802,Ca4Ge8Pt4,Ca4Ge8Pt4,20,1,True,True,True,ade12fb66b84e3b1573d46339cd0f4903c4c2f16e6eb8cc64de379a20a71ad76
mp-23520,In2Pb4I10,In2Pb4I10,20,1,True,True,True,89c1f66881d27c846c1168dc8a574b689136433bf2f64d65e1a2354f9460c314
mp-1106395,Pr12Ir4,Pr12Ir4,3,1,True,True,True,9844910d06a1e8f639ae631ecdd527c95bbe65760ab30fefb6ff9ecee7442860
mp-1106349,Sm2Pd6S8,Sm2Pd6S8,17,1,True,True,True,6fc84fe837bafd0a65c7df5dd6e50573c3ddd02575fb881408d6e64b08d2199f
mp-1106245,Zr10Al2Sb6,Zr10Al2Sb6,3,1,True,True,True,1100a99d90850e4b9ee382ee88def8aa0eeb7576e3c81d22d0528b21730c52e0
mp-1106150,Ce1Mn4Cu3O12,Ce1Mn4Cu3O12,10,1,True,True,True,650e35916b7bb0e792e0fc807d7d739daa835d2559f63df72ca86d79c31a37a8
mp-1106004,Ho1Fe4Cu3O12,Ho1Fe4Cu3O12,3,1,True,True,True,b77efa7235ec0ce78358584f5e4773845d178b378e2b9d90029c521a99d3e586
mp-23125,K6Na2Fe2Cl12,K6Na2Fe2Cl12,9,1,True,True,True,fbc951d7c9711c75e0cd14e045359da8318690095ea741f3410fc2dc35587479
mp-5126,Zn4S4O16,Zn4S4O16,20,1,True,True,True,9c6bf15b172a573b19ddfb2b0a7c73bf1dcc02320cca939b3ef5593e942c17c5
mp-19140,K3Mn1O4,K3Mn1O4,20,,False,False,False,9c1f9df8e09481fdcb693d121231036d4434c8ca03ec158493b98796c188bf4f
mp-1105290,Co3Sb4O6F6,Co3F6O6Sb4,3,1,True,True,True,704ffd442db81714cf939c9a0ac4df46e2b526c757d209ecf92e0849330e525f
mp-17783,Mg18Au6,Mg18Au6,3,1,True,True,True,99262733b260ecc98b9171077efc16cd94d42b30e4a804a926d850a665a58a85
mp-1270,Dy8S12,Dy8S12,20,1,True,True,True,a7d17465472d462d2d5a3ab24bce3d58e884fa1f62e5aef4e7aa87022296419e
mp-672289,Ge12N16,Ge12N16,20,4,False,True,True,1db8787ec7b896cd3563276e246015e847422533f1c5c2cd217aef104ffa599c
mp-8723,As2F10,As2F10,20,14,False,False,True,79bbf7095ecb7c7a678c687b0e07dafb4dc8d35bd6d857f6de8ff0bbaa7f8d91
mp-722516,Zn4P2H2O10,Zn4P2H2O10,20,,False,False,False,479d2a9dcda32606bca8dbb55ef576de0c13c64a1e115fdbcb1b19ca41be68d2
mp-1228907,Al1Ga1Cu2S4,Al1Ga1Cu2S4,20,1,True,True,True,4ce558b7bbdbef5336e32ac501726f03752fb3e7f20a0a6e9cc803c95287851c
mp-3576,Hf1Ga1Co2,Hf1Ga1Co2,5,2,False,True,True,6f718297f8949a1c83184efb9af96c8ef8e6b0b1ef7b26ed4451752d352cef89
mp-3322277,Ce1Pr2Co3Si7,Ce1Pr2Co3Si7,20,1,True,True,True,d1c22f27bd172d2d6a7f6340ea267edce12c2b1ff4dde6f9549cd120328213da
mp-3204783,Na2Ag4Pd2O8,Na2Ag4Pd2O8,20,,False,False,False,4af2fddeeae6dd0f20ede031a23ff0631a00c24d30d79c6e7a9ff7aff27e9af0
mp-1220386,Nd2Cu1Si3Rh2,Nd2Cu1Si3Rh2,20,1,True,True,True,7d4527f010adc52eb38ee41dda72986d2c83393097d2873cc1d99ee435dcb8e5
mp-1641,Cr2Sb2,Cr2Sb2,20,1,True,True,True,894314b08b798f36d2373937559f25b7e12be83bc2fcec39f503a22035deed97
mp-21115,Ce4Si4,Ce4Si4,17,1,True,True,True,1327281cb8a2234b9eb985cff5043e0eca7b5498b6c7912535930752c9d2b9c1
mp-2187,Ti2Sb2,Ti2Sb2,20,1,True,True,True,e631e383da8032c970173215e1aeefbb70a9c4b59a9b7c0a8eae5510759fff3b
mp-2172,Al1As1,Al1As1,14,4,False,True,True,f9d73ba85ada40ca1eedc9088b2f7889293c6ddf4985ba8de61e472e9b79d38b
mp-1018053,In2Cu2,In2Cu2,20,5,False,True,True,8b41b2a24a247b2fd506540ae4e3ee5839e04398c13fd86c0fd514bd4193160e
mp-2701,Nb2N2,Nb2N2,20,4,False,True,True,491e11e5cded2e5309990353a9734dea419fa595129ebc3ebca3db7c6797efd2
mp-30835,Ta1Pd2,Ta1Pd2,18,1,True,True,True,bcd769946f1d4ac40465c5b4c6595a49ba8b41b7e7f295ccf4c30f62c6d387a5
mp-11470,Hg2Pt1,Hg2Pt1,17,1,True,True,True,72a0b2dd6ead38745d1dc41f964f268d3d303a2465462be4434a532b1cffc88e
mp-684580,Ag1I1,Ag1I1,10,3,False,True,True,99eb2e32a5226fe5d5db7eaff1e9a88f7989ce099032dcc7663113cbc0727c30
mp-5305,Cu4As4S4,Cu4As4S4,13,1,True,True,True,b90ef868fc2552dfab9d6752f1f63ad541ab686515bcc4cad0f6c67b6b1daafe
mp-2624,Al1Sb1,Al1Sb1,13,1,True,True,True,5b5a0884e2b33b6e550bb3a09ed3d8d187624d113fb8d5ce80709de2fd01a12a
mp-1206704,Mo1Pd2,Mo1Pd2,14,1,True,True,True,0a4dc3d35bbd6be101b435ed276e5865cc2e4e21d84ac2f0ffc4203a28c3b779
mp-1001787,Li1Rh3,Li1Rh3,9,1,True,True,True,5c34f159a2aecce7d0203c187720cfd7f7c5b48389dd304e9e8bcafba9feb713
mp-936,Hg4Pt1,Hg4Pt1,17,1,True,True,True,8f940077bcff9cb6e679646cb2116eb78ebcdb3afdb0154220910ba9fb60aa97
mp-11514,Nb1Pt2,Nb1Pt2,18,1,True,True,True,eb06db32801312d7e7fa19a210d9a5869eb6c3bf05f89974e65329183d677869
mp-2845,Sb2Pt2,Sb2Pt2,18,1,True,True,True,4b7afd869abbb380b5e686340c95e240fcda55a7e95d37c8048b3912dfc3b5e0
mp-10964,Ce1B2Ir2C1,Ce1B2Ir2C1,9,1,True,True,True,dd7213f193dc7f6743be7fae6914dbe118fbcf80e7c33e4eaa766166ad00b879
mp-1775,Sn2Au2,Sn2Au2,20,1,True,True,True,5dead503b6b7904cc1fe8031a65fc3ca95fa9aea5da8b90be5827fe2114d3724
mp-3748,Al1Cu1O2,Al1Cu1O2,20,2,False,True,True,edb75d6a6aa259a31bc5a25cdb7a448df81386e5bba9c535861448f2a5fb82c7
mp-1079811,Sm4Au4,Sm4Au4,15,1,True,True,True,b526d6317b0cff70eb9d7da6dd3ee97b69cd10569c442ce3af270bd6a1e0e6a8
mp-754392,Ba1Eu1O2,Ba1Eu1O2,12,1,True,True,True,d7d0f1646d888f8c2ce7631a6547b3956db3b366850d6bbe34f9ff4c10217032
mp-1225328,Dy4Pd2Pt2,Dy4Pd2Pt2,14,1,True,True,True,75091adac3cb0ccedb6f416953cc0f80e39efaeed872217e1ca0f8a0fc27a054
mp-1008511,Ba1Ga1Cu2,Ba1Ga1Cu2,6,1,True,True,True,07b53549c098c115d3904116b6150a4c81fedc5382923b0c8113ce8e2b22efde
mp-28554,Ca2As1I1,Ca2As1I1,8,1,True,True,True,215c738ce79cfeca363cf82daa735aa640ea6cd930f9383594a234db2c40394c
mp-3250618,Ho1Th1Ni1Pt1,Ho1Th1Ni1Pt1,13,1,True,True,True,d72bc7bc2ecd3b052c9a4931097f119ea383d40e3cdc8bacb7f48f80f72d3a0e
mp-3246381,La1Nd1Al1Si1,La1Nd1Al1Si1,14,1,True,True,True,d2a2727d632327a210532666b9523465f50c56b8cfc3945a90b392f3f35b87ef
mp-2646991,Ca2N1F1,Ca2N1F1,11,1,True,True,True,4fc1780ee86e49a695960a3cd61ceb2fb981f885c204d6d8fbf598c755ddd164
mp-1227261,Ca1Eu1S2,Ca1Eu1S2,9,1,True,True,True,92eb0ca4b8edb07b19d35c6088e27cb291bd22a39bfb74b7a9b5eb82539a1d12
mp-1224999,Fe2Co2B4,Fe2Co2B4,20,1,True,True,True,366408afe5c6ceb15c441269c679cb8da3eee57237331ab17603217ce2e7c6c7
mp-1029267,Ca1Zr1N2,Ca1Zr1N2,13,1,True,True,True,a756260bce071fb74f8b3c3229f4e8aa4a536ee474b551a4ff9881714f5cc729
mp-760,Fe2Se4,Fe2Se4,20,3,False,True,True,86e3e507ac95e7a1e11dafdf44cdc475af6c4433af10200cf13d7338b4d0d713
mp-1223099,La2Ce2Si4,La2Ce2Si4,11,1,True,True,True,0e37f4118d07b2c63b779f226bc865862f049ae2adffd78c91dc41e3859ae7b2
mp-949,Co1Pt1,Co1Pt1,8,4,False,True,True,f66fc9cbe3ccc140907ed67d9d9f6d2945eb75171ef6918a753537d287de1deb
mp-1221679,Mn2Co2P4,Mn2Co2P4,18,1,True,True,True,b82030165221ac1827bd44cc965ebb87d85cfc04622f3174ef651c2164a4c220
mp-1221626,Mn2Fe2P4,Mn2Fe2P4,17,1,True,True,True,7ce40c3a1f4a78ab19a41f79c2cf93b30f5c0d127d0fec6a849e84543b12f814
mp-1221342,Mn2Ni2P4,Mn2Ni2P4,18,2,False,True,True,7564f541c4cb6d96816c96a9965cf323b4682b97d6bb8af16983f153589e7eca
mp-361,Cu4O2,Cu4O2,20,11,False,False,True,228120cc56f744579438ec793554a42340f854ac1862d56f45a7dd5863256cde
mp-22918,Pu2Cl6,Pu2Cl6,20,1,True,True,True,59dc72d3088f2fddae6771fa3a753a960a41a5e4bd3eed5fe4429a7df84236c5
mp-1221559,Mn2V2As4,Mn2V2As4,16,1,True,True,True,e08ad63911971c001a4095eed5f6a4415a772e24667e5d233e29a17d0a80e8b9
mp-3201787,Al2B2Mo1W1,Al2B2Mo1W1,11,1,True,True,True,954520dc6edbd3c009b3f6151a951ff61f2220038925decbba09f5190575d9a1
mp-3202745,K1Cu1W1S4,K1Cu1W1S4,20,,False,False,False,b70676184fe8d1883d465d9aca03676ead472cb3576e54327e1e6fbd5f1aef07
mp-1039492,Ce2Mg4,Ce2Mg4,20,9,False,False,True,6503dcd5bc1f104872a99a437f8dd793fe7e2ff9f53287177e9ae1e4c5babd4b
mp-1413,P4Ru2,P4Ru2,20,1,True,True,True,ede3fb6a8328f6dd3e33022a50adc4e55801da6704cd9bdc7672c5f6cbedfe4e
mp-2008,Fe2As4,Fe2As4,20,1,True,True,True,e2962beb10a9263588281bb1234c49a0907db4f5408ab03b682538ace680909d
mp-2695,Sb4Os2,Sb4Os2,20,1,True,True,True,f786efb93e95ccc2ca577739f7e8342df04d349ee6a65e7e47f6b3b98104dea2
mp-569790,Ba1Ag2Ge1Se4,Ba1Ag2Ge1Se4,20,1,True,True,True,63c86b838e10bf8a9e18c40f549068925ac3a8bc0a86d5f005a13696386af311
mp-1226754,Cd2As2P2,Cd2As2P2,20,,False,False,False,53c113264cc2656952b023bb95e9c67a432aab7f390d83689b4d2b0b8436753d
mp-3211449,Au4I2Br2,Au4I2Br2,20,1,True,True,True,795158e9f71243e7b0422f274dcc90f5ec130c1180c2ea0208579dc7d364c6ad
mp-570589,Se4Br4,Se4Br4,20,1,True,True,True,95fc6198366fd971e5fb110eeec0f858f308e1ca52039c4de879420129277867
mp-3211590,Cs4Cr1Re1P4,Cs4Cr1Re1P4,4,1,True,True,True,84b1ab7d9907acb6ab5d1c580731f2161943a987113642fd213b92d2e2fcccd5
mp-23192,Hg2I4,Hg2I4,20,,False,False,False,41759b904fa316df2f3f25122d02bb9e332595699fbe489801d680b3460fb3b2
mp-1113,B2W4,B2W4,20,1,True,True,True,bcf81a409e6d51bcd5ebe53720529c1bfb6029bea064ab97dc3d57291fe6f161
mp-849086,Cu2S4,Cu2S4,20,5,False,True,True,4b67efd64c47d5ed8dd3b5aacd2b2e055b35c2c35d454ff7613f6c4f580937f4
mp-569017,Pd2I4,Pd2I4,20,18,False,False,True,e48b64c6ee9e432a28aed158e2fb3439d4882ebaa24bf76f2fb029128d7d90e3
mp-1079886,Eu2B4C4,Eu2B4C4,17,2,False,True,True,e5254293510ac24ef2f6508546e34f9b0687ca4fcd7b554706e09b3a190ac386
mp-30160,Si2C4N8,Si2C4N8,20,3,False,True,True,f2a318bfe995d26ae317850b7173f2835372868047b35bf7435fffcfd2f291d7
mp-1106389,K2Bi2F12,K2Bi2F12,20,1,True,True,True,cfc5e3bac056655f0aee49a7bdbe97e75f2b5e5863540565bdde405f68dfe3ac
mp-3265166,Al2Ga2Pt12,Al2Ga2Pt12,9,,False,False,False,2f9aeb4b794e05ac73d261928f3f5acfaec8415eb3b0dfa6381e4c0d124de7e8
mp-3214468,Cs4Cr1Tc1P4,Cs4Cr1Tc1P4,7,1,True,True,True,02baf161ae4cae77efa946b1e906a7509900e5c91c3ed659a54d7b5b47a2a980
mp-3263724,Mg4Zn4N4Cl4,Mg4Zn4N4Cl4,20,1,True,True,True,2966d90839567013b540e04d85938d3dd8a899062c59af17ef37e119c55b391c
mp-3319604,Sc6Ni4Sn6Pt2,Sc6Ni4Sn6Pt2,9,3,False,True,True,2fad5dd92e71c56c0a83643fc943d1ff21fff73cd2345ae06017718249a3bf08
mp-1080451,Tb4Pd4,Tb4Pd4,6,1,True,True,True,485b24b527883002a8037a6c86d67ddca98cdfd23c8065d70e6ffde88f3fc363
mp-20662,Sn8Pt2,Sn8Pt2,14,1,True,True,True,3fe690bb913db17c0cffd93c56e804abc44a46bcca209ca637557bf11edffa7a
mp-1220080,Ni2Ge4Pd2,Ni2Ge4Pd2,7,1,True,True,True,2d440dca5a29b6936661e3a54a53323493883ba0e3b92ed87084c6ca4e100f0f
mp-1216397,V2Cr2As4,V2Cr2As4,20,1,True,True,True,7ed35f5a9e7b55e55a035c32cd438c900a6386cfff43d43e45dcadeb9d03cbe4
mp-1004373,Li4Mn4O8,Li4Mn4O8,20,20,False,False,True,2da44880b05265c48d8b214ca3ac2eef7c2cda3dbf500ab8aad892a4e9a8105d
mp-768945,Li2Cr1Fe1O4,Li2Cr1Fe1O4,13,4,False,True,True,cc30ce15303439edfbc2717b72e87abb20bdf4646ef5e32098890b34a6ca21f0
mp-558536,Rb4Cd4Au4S8,Rb4Cd4Au4S8,20,,False,False,False,790d30a6b9211cb71c0a7758a4e9f697d759924bab90a4c70cc952639d278ff4
mp-755721,Li4Cr3Fe1O8,Li4Cr3Fe1O8,20,3,False,True,True,5b05ec5272784544dbbcc97277814a6381715708489b41301c4108c12140d320
mp-557387,Sr4Tm2Nb2O12,Nb1O6Sr2Tm1,8,3,False,True,True,03034c38fe950d1f8fb08750bb8e23069c15ff91fe42d28fdba7aa14450bbc47
mp-3207593,Cs4Hf1Sn1As4,Cs4Hf1Sn1As4,8,1,True,True,True,959bcec22170fb1f81887d29cde37b1b4ea7156fb987b8123fcded4a521a6c12
mp-3205771,Cs4Li1Fe1S4,Cs4Li1Fe1S4,2,1,True,True,True,88fa7ed18fd0beb276791f143cff6e3af12d3c3727330c7872addcab6cca1772
mp-3201893,Cs4Li1Mn1Se4,Cs4Li1Mn1Se4,2,1,True,True,True,83d43ecdab366f0e0893778f01e985939bd7454beeee5796ef307b7f85c235d1
mp-6603,Sr4Ce2Ir2O12,Sr4Ce2Ir2O12,6,1,True,True,True,a3e96620873fa08642ab634d2a724062f90f2da014a60c21c5accbf293e6ef5f
mp-3214951,Cs4Mg1P4W1,Cs4Mg1P4W1,6,1,True,True,True,c4f608b3d5576fe81201f24810d0ddbc1909c9c42a1cedfb4013fbc80b94e7e4
mp-3201450,Cs4Mn1Cd1S4,Cs4Mn1Cd1S4,2,1,True,True,True,47cc656460a623ef5604a98a752aedad9bc136bf2501c0edf45542cd6696c97b
mp-1215245,Zr1Ti1Ni2H6,Zr1Ti1Ni2H6,3,1,True,True,True,56c4c86a896cf2f3399594d2976c0cc53bf3cb9893c2da5cadf0c33fde92082d
mp-755320,Li4Cr1Fe3O8,Li4Cr1Fe3O8,20,4,False,True,True,40d7177ff5a3062679ec0c183dd3ff7bd8698fc75a510e84d377cfcbd87d60e2
mp-7352,Mg4Cu4P4,Mg4Cu4P4,20,3,False,True,True,9fb05dc8600c45d41031cbae1cbee1b789450a38dba5e3bb9b525b3f4e72832c
mp-30673,Ti4Ga6,Ti4Ga6,20,,False,False,False,4d37342531a9e4b3cc79d6d2449c5089c2f4949e9919798412d50e836cbd90ab
mp-3346300,Be2Nb6As2,Be2Nb6As2,13,1,True,True,True,0dc0ed2a374865e4b41a17221b652f5572926ad5110884901ac5fc6a4b197a47
mp-643791,Rb2P2H4O8,Rb2P2H4O8,20,1,True,True,True,7e1a8936e84837335e01a2821c4f7342f5010603804e39a40c2dc716fec04fda
mp-755181,V4O5F7,V4O5F7,20,,False,False,False,e7a62d175089f46d6c132212dd8e517229bcb0756bcbe86e964edc577d350a9c
mp-29163,Ag4Te2S6,Ag4Te2S6,20,2,False,True,True,51075623c1f30185eb6f6887e9c8e6c268140b851ac117fb43d48b019d2e4040
mp-505066,Na4Fe4F12,Na4Fe4F12,20,8,False,False,True,eb4b50439d73f8ee5e16341a14d72e823ed7757dede3591db08ae928699e8f04
mp-24128,Re2H8N2O8,Re2H8N2O8,20,2,False,True,True,5274fbc1ddc649005650941e215ff955f34ab6c7f60c0e8125b28e05d89b8d98
mp-3310426,La4As4Se8O4,La4As4Se8O4,20,3,False,True,True,bab82447e4b5033baa4296b1b618dde6e7bb06db6d9499f24fc845c572ada3b7
mp-2232216,Mg1V2P2O10,Mg1V2P2O10,20,6,False,False,True,cdb5828334a6ed5cad80bc06c4cd037d36e5adb35309821246db03a747ef3ddf
mp-11281,Be8V4,Be8V4,20,1,True,True,True,6889aa814732998f6c53735f9501ec45a6e904d6c6e2f8ebe4aa6e641d4194fd
mp-12722,Tb4Al4Pd4,Tb4Al4Pd4,4,1,True,True,True,9bbe3101319185192eb2a1b9c2ed01d43a393c3f76f7e86a4a86cad6d2b66fe8
mp-1078,Ca4Cd8,Ca4Cd8,20,5,False,True,True,fa0061d1e0d4734940acfa3a30c6bd447d05da7baa001cc9230824a76132b059
mp-12735,K4Ag8,K4Ag8,20,1,True,True,True,61e6ee33351535a9fd5bc1c8ead9b9ad06d25dea2d7238785848b4ed8ef05627
mp-540839,Cs4Pb4I12,Cs4Pb4I12,20,1,True,True,True,0bf141a7fde6e5caaae1612303c8dac7b8f5e55357acb03a2601b41eb7024d8f
mp-1080485,Nd4Pt4,Nd4Pt4,7,1,True,True,True,9de48449eae22c8cfff8a9a4a2b9b87975b289c8b373a79baea5fca8d39b859b
mp-30401,K4Au8,K4Au8,20,3,False,True,True,230cd583bdc4c27c4176593aad76d51a40903eb9d76b7d0f9e92644e9ad97f07
mp-10321,La4Zn2Rh2O12,La4Zn2Rh2O12,8,1,True,True,True,a986243cb48d2d5271763b603635541fc4bd5cdfacbd059ed5216325bf224eb3
mp-556500,N2Cl2O2F8,N2Cl2O2F8,20,,False,False,False,82c024362cebe3d8d68a14078b0d41b21d7b56a7cb4fdb4d799708eabffdf904
mp-261,Ba6Al10,Ba6Al10,11,,False,False,False,1517a625a959a117093c6f32c2a0dd6e64aa7469092d5906f64ab0f32cab0363
mp-570184,Th4Pd12,Th4Pd12,10,1,True,True,True,6d6924bb7f855076d17ee66594e4a387ff1d0b3b075d2939fc1c6b62024b1dce
mp-31215,Ag2Pd2F12,Ag2Pd2F12,20,1,True,True,True,92d38d7a8bae572a3debe34360e231713401c9f31daf645e97c7585412907833
mp-28024,Y4Si4Pd8,Y4Si4Pd8,9,1,True,True,True,478545ac8f6c3d6dc7d7f0296071293f0e6120652f7dfd84cf358013b6d9c7b0
mp-3264727,Ac3La1Sn8Ir4,Ac3La1Sn8Ir4,10,1,True,True,True,d383e7d2796fd900e9b02c91e7b4c2c7ec029b9aa7dfe2531347c9d223c0f5f7
mp-754015,Li4V2Cr2O8,Li4V2Cr2O8,17,8,False,False,True,f2b6c38f0146b94853a7cd79e07002b0a8f5c72e48eded46b7700735e82c2e15
mp-1189793,Ti4Pt12,Ti4Pt12,13,1,True,True,True,c35acb20ff173cfc3b91d3ae4534c5207241df2ec067bd5d390d44727cc0fad8
mp-12449,Li2Pr4Os2O12,Li2Pr4Os2O12,13,1,True,True,True,87fc553f8a7c609e013af7b16078ced4a66de6b8aabbc32c4f3a9a33a55f9672
mp-3268930,Ce2Nd2Si4Ir8,Ce2Nd2Si4Ir8,20,,False,False,False,33623b1e17a965e2eee693221900cea85b882980e017c8bb57281ec2fa0ab7d8
mp-756645,Li5Ti3O8,Li5Ti3O8,20,1,True,True,True,f298215077fd6b2f4e333fd7cb6bd4dc0f1740255917f734595e873630b3c085
mp-29239,Lu4B8Ru4,Lu4B8Ru4,8,1,True,True,True,4a77739163a05b7987489442e565c48c6ecf3eb733fde210ac8d47ef7df292dc
mp-1188855,Sm4Ga4Co10,Sm4Ga4Co10,20,1,True,True,True,df04b2bfc2a99a1c5f32d6055d835d85260b7a21f38a645812a1bbf7bf0f3f58
mp-22695,Nd4Sn4Pd4,Nd4Sn4Pd4,5,1,True,True,True,18ecbcdbfdc613157688016cfa340a3ee3aed4faf8cb05e205309c80bc454c1b
mp-3291983,Be3Nb6B1Ru10,Be3Nb6B1Ru10,7,1,True,True,True,fead44c8e92a3f24c42fc3a6fd23b2a36d47d06ec4502f2b87dec588b52606d0
mp-1190803,Gd1Er4Al15,Gd1Er4Al15,6,2,False,True,True,f5d1a2e0f9344670f13306b2c772b008109935e621125ce839a2a5df1ce836d8
mp-567681,Cs4Pb4Br12,Cs4Pb4Br12,20,2,False,True,True,522ced94719da3dd21ad3ed176914c8e5c403a9bbea5d6f3ca820ddd7d57d4c0
mp-4571,Ca4Zr4O12,Ca4Zr4O12,20,1,True,True,True,dd92671e33d1a85115f8f42e7ab0d1c617942ee3e4e49c819ba31cae32ed94f2
mp-3313803,Be1Nb6B3Ru10,Be1Nb6B3Ru10,7,1,True,True,True,4511d1b02651660368d6b447ec7bc16f58e0f6fde8e18443fce76779afc57314
mp-3297444,Ca2Yb2B15C1,Ca2Yb2B15C1,7,,False,False,False,6b851383d8018e96c161ff410d5dad75a8cf73735a6056c73c9fb52f8dea0e0c
mp-556434,Ag2Bi2P4S12,Ag2Bi2P4S12,18,6,False,False,True,e9a79b601866e4316e6583d278cfa68374ad2b523413c6e49c6a4b76ebf10ca5
mp-550959,K1Ni1I1O6,K1Ni1I1O6,4,1,True,True,True,afdf7950ae1f2b80496ad5a4335aa1e806fa4cc02f6c1e0a718191fa2b2e95db
mp-1105883,Tb4Hf1Al15,Tb4Hf1Al15,6,1,True,True,True,7dd1f12bcccaa0d61f03f97b8f41fae97e272502defeea9123fe2eabf4898bc3
mp-556296,Ba4S12,Ba4S12,20,,False,False,False,4721db53ff7257d312af2dfcc91c870823deae97b02b6c581c946bdc52805317
mp-23199,Ba4Cl8,Ba4Cl8,20,3,False,True,True,6c68206ff42c15b2d9281285caf59ad579ada4d87fe2ecd027061d5cab39f58a
mp-1128,Si4Ir4,Si4Ir4,20,2,False,True,True,1c73657073e102211abe45f20ba228588960eb1905912b0bb04176448579238f
mp-3252038,La1Nd1Ga1Si1,La1Nd1Ga1Si1,13,1,True,True,True,c3f2bc4f31834616e0bbb3021872051970bb55ec3b669dda7e5a20e3f9a43dd9
mp-2631,Ba8Al10,Ba8Al10,20,5,False,True,True,a2888260f69bc6f1c68104c5999be13eddbeb1b4301ec2ac6a143dd7ae13ce5a
mp-9521,Th7Te12,Th7Te12,16,1,True,True,True,3afa5091f2e1176dd6b3f949e721ec40c545ba5e37b7214d926e4a4af20aad4b
mp-570786,K4Na8,K4Na8,20,1,True,True,True,eb4c70c954d874d21d46ee649d6fefc666e5a4107701c79b874087580d00ee76
mp-28768,Na8Sn2Se8,Na8Sn2Se8,20,1,True,True,True,2658feede7dfbf50c1788320c2db667f3c005a3a100c1f3419effb86d14e5fde
mp-1104734,Te2Br12,Te2Br12,20,,False,False,False,9feaa3a66f9847a2ec99907ab2f0f19a8be15922a19aaf17d4b5ab9d543b9caf
mp-3315151,Ac6La4Pb6Se2,Ac6La4Pb6Se2,8,2,False,True,True,cbd9b21b98ceee4fd152aa83f7dd41abc040f7b8f0f575fd8796ec9d8379cc04
mp-3266675,Yb2Ce2Si4Ir8,Yb2Ce2Si4Ir8,20,1,True,True,True,ead7ee7e0ea9ab392442b01c75279f34777d04cc2ddf6e6b5dc14f41813b911f
mp-1628,Te2Rh2,Te2Rh2,17,1,True,True,True,715cba2e315804c157058b79a3c2e584ebbf0ae28736f3c18baaa7b749866818
mp-1039467,Ca4Mg2,Ca4Mg2,20,,False,False,False,0bc98d07770847d1d90326189ce06836fd049171fc68e734a8b9f0d77a7b15bf
mp-1025444,Er4Pt4,Er4Pt4,7,1,True,True,True,860a07847ce9044844dc698b681c7f542d7749ddcd6bd64301a2b497e8b1ce99
mp-3325574,Li3Ni9B6,Li3Ni9B6,7,1,True,True,True,a0be4553b91861eaf451f127bc1773c0ff59e6c9299f8a695ab1f64f5a0901d6
mp-3307567,Ac4B4Ir10,Ac4B4Ir10,14,1,True,True,True,36e66c51a0e7b29ea03ae733547c5a5ed54aba1d1aee3860b46a94cd64f2c97d
mp-1095529,Lu2H4Cl2O4,Lu2H4Cl2O4,20,1,True,True,True,ea790cb11f6b1c16f0b07377404dcee4f09b01bd556e7e661e276e88c0d7bb5b
mp-7378,Na4Cd4As4,Na4Cd4As4,20,1,True,True,True,ca6b2d27adc05ebfa15059e0ecfb5071b1c8ad0e4effac64c36b0349b09a4219
mp-1189376,Ba4Sm2Ga2Se10,Ba4Sm2Ga2Se10,17,1,True,True,True,ae85469cc46f125eefd0f3aa07b72ad7d6984eed14550a23279295522d79f523
